year,annual_generation_kWh,self_consumption_kWh,export_kWh,import_kWh,annual_pv_kwh,annual_savings_tariffA_gbp,npv_tariffA_gbp,payback_tariffA_years,annual_savings_tariffB_gbp,npv_tariffB_gbp,payback_tariffB_years,annual_savings_tariffC_gbp,npv_tariffC_gbp,payback_tariffC_years
2022,3721.0929646209797,1192.2555837571906,2528.8373808637893,2007.7444162428092,3721.09296462098,713.1571705815818,596.3116141236828,10.0,670.4838470821593,154.84586759567537,11.0,460.2734324952028,-1920.9191395001476,
2023,3624.460508103666,1182.1802450558416,2442.2802630478245,2017.819754944158,3624.460508103666,697.3525080728095,436.3037888066492,10.0,655.5461883921691,4.225494884186901,11.0,453.1244817680271,-1994.43158333774,
