month,pv_kwh,load_kwh,self_consumed_kwh,exported_kwh,grid_import_kwh
2020-01,53.96283834125519,310.8768438694751,39.4050348840146,14.557803457240594,271.47180898546054
2020-02,131.9196154214424,286.10803589879345,66.35716718449355,65.56244823694884,219.7508687142999
2020-03,255.228916119948,291.01945579704994,105.53517530625528,149.6937408136927,185.48428049079467
2020-04,425.7139787668,261.9592621399922,128.04943511222518,297.6645436545748,133.909827027767
2020-05,571.9260601067248,251.01234326038045,146.7565673997765,425.1694927069483,104.25577586060393
2020-06,444.4333948142568,228.30426913759666,131.7321371963425,312.7012576179143,96.57213194125416
2020-07,492.2363270687112,230.61534505537804,136.7491476486713,355.48717942003987,93.86619740670672
2020-08,362.4949569243472,236.77415389486288,121.09213271693224,241.40282420741494,115.68202117793065
2020-09,270.7798208978456,243.2270890409657,99.38338931905558,171.39643157879001,143.8436997219101
2020-10,146.0887397431896,271.7425667998187,73.56623434352315,72.52250539966644,198.17633245629554
2020-11,76.81800635685039,282.452204118408,46.84357603115662,29.974430325693767,235.6086280872514
2020-12,39.975995270556794,305.9084309872785,32.22718861402406,7.748806656532734,273.68124237325446
