annual_model_pv_kwh,annual_pvgis_pv_kwh,annual_pct_error,monthly_mape_pct
3875.158845022374,3540.18116,9.46216224206938,14.998944119687971
