month,pv_kwh,load_kwh,self_consumed_kwh,exported_kwh,grid_import_kwh
2020-07,481.03161613008956,230.61534505537804,133.38445873243325,347.6471573976564,97.23088632294481
