month,pv_kwh,load_kwh,self_consumed_kwh,exported_kwh,grid_import_kwh
2020-07,481.031240171148,230.61534505537804,133.38445873243325,347.64678143871475,97.23088632294481
