annual_model_pv_kwh,annual_pvgis_pv_kwh,annual_pct_error,monthly_mape_pct
4689.3316813643005,4279.2205,9.583782405330599,15.857017564894505
