annual_model_pv_kwh,annual_pvgis_pv_kwh,annual_pct_error,monthly_mape_pct
3271.578649831928,2952.1089599999996,10.821744527746988,20.336170521110628
