month,pv_kwh,load_kwh,self_consumed_kwh,exported_kwh,grid_import_kwh
2020-07,456.34145695136635,238.6559137331247,136.2765642873754,320.064892663991,102.3793494457493
