month,pv_kwh,load_kwh,self_consumed_kwh,exported_kwh,grid_import_kwh
2020-01,77.90255113104767,302.8688565536067,50.36217533409716,27.540375796950507,252.50668121950955
2020-02,151.28981512089214,279.6378950923697,72.34322606295386,78.94658905793828,207.29466902941587
2020-03,318.96217673409024,287.0341094103735,107.36311411222101,211.5990626218692,179.6709952981525
2020-04,480.69272733400607,261.99908477275665,129.44819637916999,351.244530954836,132.55088839358663
2020-05,659.9038153832533,255.07864281897903,152.7876950985112,507.1161202847422,102.29094772046783
2020-06,489.97405257472604,235.0735205456035,135.51896901223935,354.45508356248666,99.55455153336413
2020-07,491.2988582570496,238.6559137331247,138.34200920799012,352.95684904905943,100.31390452513457
2020-08,389.78015520143515,243.68742719126152,124.5356936103332,265.244461591102,119.15173358092832
2020-09,333.3669508537555,247.0124725379513,107.02924079216137,226.33771006159412,139.98323174578994
2020-10,157.9729535088739,271.6116990489241,79.26795132566151,78.70500218321239,192.3437477232626
2020-11,105.70160046911423,278.44648379705984,55.413637817183094,50.28796265193113,223.03284597987673
2020-12,71.27268874776382,298.89389449798904,46.54591519451741,24.726773553246417,252.34797930347162
