annual_model_pv_kwh,annual_pvgis_pv_kwh,annual_pct_error,monthly_mape_pct
3751.4653450914407,3423.3764000000006,9.583782405330599,15.857017564894505
