month,pv_kwh,load_kwh,self_consumed_kwh,exported_kwh,grid_import_kwh
2020-08,401.7674535119544,236.77415389486288,121.92466425128738,279.842789260667,114.84948964357551
